company_name,mailing_address
Cedar Ridge Plumbing LLC,"4821 Maple Ave, Lincoln, NE 68504"
Bayview Auto Repair,"129 Harbor St, Tacoma, WA 98402"
Sunbelt Roofing Co,"7714 Desert Bloom Rd, Mesa, AZ 85207"
Riverside Print & Sign,"302 W 3rd St, Davenport, IA 52801"
Magnolia Family Dental,"1188 Peachtree Ln, Macon, GA 31201"
Northgate HVAC Services,"56 Industrial Pkwy, Akron, OH 44310"
Pioneer Landscaping Inc,"940 Prairie View Dr, Boise, ID 83704"
Harbor Light Electric,"22 Dockside Ave, New Bedford, MA 02740"
Summit Pest Control,"6310 Highland Blvd, Reno, NV 89506"
Greenfield Catering Group,"415 Orchard St, Springfield, MO 65806"
Lakeside Auto Glass,"88 Lakeshore Dr, Madison, WI 53703"
Ironclad Welding Shop,"1701 Foundry Rd, Pittsburgh, PA 15201"
Coastal Breeze Pool Service,"233 Seagrape Way, Sarasota, FL 34236"
Redwood Cabinetry,"509 Timber Ct, Eugene, OR 97401"
Anchor Marine Supply,"17 Wharf St, Portland, ME 04101"
Desert Sky Solar,"4400 Sunray Dr, Tucson, AZ 85706"
Brookside Veterinary Clinic,"760 Willow Bend, Chattanooga, TN 37402"
Cornerstone Masonry,"311 Brickyard Ln, Wichita, KS 67202"
Velvet Thread Tailoring,"55 Garment Row, Allentown, PA 18101"
Frontier Towing & Recovery,"9201 Range Rd, Cheyenne, WY 82001"
Blue Heron Landscaping,"144 Marsh View Dr, Charleston, SC 29401"
Ace Mobile Locksmith,"27 Keystone Ave, Toledo, OH 43604"
Maple Leaf Bakery,"612 Baker St, Burlington, VT 05401"
Granite Peak Surveying,"800 Summit Rd, Helena, MT 59601"
Tidewater Plumbing & Heating,"45 Estuary Ln, Norfolk, VA 23510"
Sierra Vista Auto Body,"3320 Foothill Dr, Fresno, CA 93720"
Hometown Hardware Co,"19 Main St, Dubuque, IA 52001"
Evergreen Tree Care,"507 Cedar Hollow, Spokane, WA 99201"
Liberty Sign & Awning,"1290 Freedom Blvd, Allen, TX 75002"
Crescent Moon Cafe,"73 Bourbon Walk, Lafayette, LA 70501"
